section,title,rules,conditions,validations,exceptions,timelines,authorities,documents
4.01,Policy,0,0,0,1,0,0,0
4.02,General Provision,5,2,5,0,0,1,5
4.03,Applicant details,1,1,0,0,0,0,0
4.04,Advance Authorisation,1,1,1,0,0,0,2
4.05,Advance Authorisation for items which are otherwise prohibited for,10,8,9,2,2,1,0
4.06,Fixation of Norms,17,10,17,1,5,9,2
4.07,Self-Declared Authorisations where SION does not exist,26,21,25,3,5,11,11
4.08,"Cases involving Acetic Anhydride, Ephedrine and Pseudo- ephedrine",19,10,18,1,7,8,12
4.09,Cases requiring Sanitary Import Permit.,4,2,4,0,2,1,2
4.10,Advance Authorisation for applicants with multiple units,8,4,6,1,2,4,3
4.11,Advance Authorisation for Free of Cost and Paid Material,2,1,2,0,0,1,0
4.12,Entitlement,12,13,12,3,5,7,5
4.13,Authorisation in Excess of Entitlement,3,2,3,1,0,3,0
4.14,Application and On-line Inter-Ministerial Consultations for fixation of,2,5,2,2,5,5,2
4.15,Undertaking,6,7,6,3,0,4,4
4.16,Fixation of norms by Norms Committees,3,5,5,1,0,2,4
4.17,Time limit for Representation,5,7,5,3,4,5,2
4.18,Provision for Pharmaceutical Products,1,1,1,0,0,1,0
4.19,Processing of Application for Pharmaceutical Products.,6,4,6,0,2,1,7
4.20,Redemption of Authorisation issued under paragraph 4.18 of HBP,5,5,5,3,5,5,0
4.21,Maintenance of Proper Accounts for Authorisations issued under,4,3,4,0,2,3,2
4.22,Standardisation of Adhoc Norms,10,8,10,2,1,5,5
4.23,Modification of SION,1,1,1,0,0,2,1
4.24,Amendment of Export item and inputs,3,3,2,0,0,1,2
4.25,Revision of SION by NC,3,1,4,0,0,2,0
4.26,Description of an Advance Authorisation,4,4,4,0,0,0,0
4.27,Exports/Deemed Export supplies in anticipation or subsequent to,6,5,5,2,1,0,4
4.28,Exporters Risk,1,0,1,0,0,0,0
4.29,Admissibility of drawback in case of rejection of application,0,1,1,0,0,2,1
4.30,Advance Authorisation or DFIA for Intermediate Supplies,12,9,12,2,2,1,10
4.31,Advance Release Order (ARO),2,1,2,0,0,1,2
4.32,Application of ARO,9,7,10,1,1,1,6
4.33,Facility of Supporting Manufacturer/Jobber/co-licensee,11,12,9,2,3,5,2
4.34,Execution of BG/LUT,3,3,3,1,0,3,2
4.35,Port of Registration,9,12,11,4,4,8,6
4.36,Facility of Clubbing of Authorisations,28,16,28,2,14,4,0
4.37,Enhancement/Reduction in the value of Advance Authorisation,9,10,9,1,7,5,1
4.38,Application fee for enhancement,0,2,0,1,0,0,2
4.39,Validity period for import and Revalidation of Authorisation,6,0,6,0,6,0,1
4.40,Export Obligation (EO) Period and its Extension,21,25,20,5,17,4,9
4.41,Provisional clearance of export consignment,0,1,0,0,0,3,1
4.42,Re-export of goods imported under Advance Authorisation,0,1,0,0,1,2,0
4.43,Monitoring of Export Obligation,10,10,10,1,5,3,10
4.44,Advance Authorisation for Annual Requirement,16,11,16,2,6,5,11
4.45,Special Advance Authorisation for export of Articles of Apparel,9,7,9,2,1,2,1
4.46,Fulfilment of Export Obligation,1,0,1,0,0,1,1
4.47,Redemption/No Bond Certificate,10,16,9,1,5,8,13
4.48,Transitional Arrangement for Authorisations issued upto,9,9,8,1,1,7,8
4.49,Regularisation of Bonafide Default,21,24,24,9,5,6,7
4.50,Payment of Customs Duty and Interest in case of bonafide default,13,6,13,2,6,10,7
4.51,Maintenance of Proper Accounts,3,0,3,1,0,4,0
4.52,Policy,0,0,0,0,0,0,0
4.53,Application,6,2,6,0,2,1,4
4.54,Facility for Split DFIA,2,1,1,0,0,0,0
4.55,Re-export of goods imported under DFIA Scheme,4,3,4,0,3,2,3
4.56,Maintenance of proper accounts of import and its utilisation,4,1,4,0,1,1,1
4.57,General Provision,1,0,1,0,0,1,1
4.58,Application for Replenishment Authorisation,11,6,11,0,6,2,10
4.59,Wastage Norms,0,0,0,0,0,0,0
4.60,Value Addition,4,5,4,3,0,0,0
4.61,Entitlement,2,0,2,0,1,0,0
4.62,Loss of Gem and Jewellery in transit,1,1,1,0,1,0,0
4.63,Gem & Jewellery Replenishment Authorisations,6,2,6,0,4,0,0
4.64,Agency Commission,2,2,1,0,1,0,0
4.65,Endorsement on Shipping Bill and Invoice,3,3,3,0,0,1,2
4.66,Conditions of Exports,1,0,1,0,0,1,1
4.67,Proof of Exports,4,6,3,0,0,4,9
4.68,Conversion of Purity/Fineness,2,2,2,0,2,0,0
4.69,Release of Gold/Silver/Platinum by Nominated Agencies,4,0,4,1,0,0,0
4.70,Terms of payment,1,0,1,0,0,0,1
4.71,Port of Export,3,1,2,0,0,5,2
4.72,Export by Post,2,2,2,0,0,0,2
4.73,Export of Cut & Polished Diamonds for Certification/Grading & Re-,2,2,2,0,0,2,0
4.74,Import of Diamonds for Certification/Grading & re-export,10,5,10,2,6,2,3
4.75,Enlistment /Authorisation of Laboratories for Certification/,2,4,1,0,2,2,3
4.76,Export against Supply by Foreign Buyer,10,8,10,2,6,4,2
4.77,Export Procedure/Payment of Customs Duty,22,15,23,0,9,9,18
4.78,Maintenance of Accounts,2,0,2,0,1,0,0
4.79,Export through Exhibitions/Export Promotion Tours/ Export of,27,20,26,3,13,4,12
4.80,Export against supply by Nominated Agencies,0,2,0,0,2,0,0
4.81,Replenishment Basis,17,7,17,2,10,1,4
4.82,Outright Purchase Basis in Advance,6,3,6,2,5,0,0
4.83,Loan Basis,15,12,15,2,10,1,7
4.84,Exports against Advance Authorisation,14,8,14,6,13,1,5
4.85,Regularistion of Bonafide Default,3,2,3,0,0,1,0
4.86,Replenishment Authorisation for Import of Consumables etc.,1,0,1,0,0,1,1
4.87,Personal Carriage of Gems & Jewellery Export Parcels,4,2,4,1,0,2,2
4.88,Personal Carriage of Gems & Jewellery Import Parcels,2,1,2,2,2,1,0
4.89,Duty free import of samples,1,1,1,0,1,1,0
4.90,Re-import of rejected jewellery,2,2,2,2,0,1,2
4.91,Diamond & Jewellery Dollar Accounts,0,1,0,0,0,0,0
4.92,"Export and import of Diamond, Gemstone & Jewellery on",3,1,3,0,0,1,0
4.93,Guidelines/ Monitoring for import of precious metal by the,7,3,7,2,4,4,1
4.94,Filing of Annual RODTEP Return (ARR),11,12,11,1,14,6,2
4.95,Filing of Application for Diamond Imprest Authorisation (DIA),1,1,1,0,0,1,2
4.96,Conditions of Imports & Exports,7,4,7,0,2,4,1
4.97,General Provision,3,3,1,0,3,1,2
4.98,Fulfilment of export obligation,1,1,1,0,0,1,1
4.99,Regularisation of Bonafide Default in fulfilment of export,7,3,6,0,1,5,0
